/*
Navicat MySQL Data Transfer

Source Server         : localhost
Source Server Version : 50716
Source Host           : localhost:3306
Source Database       : db_doctor

Target Server Type    : MYSQL
Target Server Version : 50716
File Encoding         : 65001

Date: 2017-08-02 21:16:32
*/

SET FOREIGN_KEY_CHECKS=0;


-- --------------------------------------------------------

--
-- 表的结构 `auth_item`
--
DROP TABLE IF EXISTS `auth_item`;
create table `auth_item`
(
   `name`                 varchar(64) not null,
   `type`                 integer not null,
   `description`          text,
   `rule_name`            varchar(64),
   `data`                 text,
   `created_at`           integer,
   `updated_at`           integer,
   primary key (`name`),
   foreign key (`rule_name`) references `auth_rule` (`name`) on delete set null on update cascade,
   key `type` (`type`)
) engine InnoDB;

--
-- 转存表中的数据 `auth_item`
--


INSERT INTO `auth_item` (`name`, `type`, `description`, `rule_name`, `data`, `created_at`, `updated_at`) VALUES
('/*', 2, NULL, NULL, NULL, 1501652903, 1501652903),
('/admin/*', 2, NULL, NULL, NULL, 1501652881, 1501652881),
('/admin/attribute-labels-json', 2, NULL, NULL, NULL, 1501652881, 1501652881),
('/admin/create', 2, NULL, NULL, NULL, 1501652881, 1501652881),
('/admin/day-count-json', 2, NULL, NULL, NULL, 1501652881, 1501652881),
('/admin/delete', 2, NULL, NULL, NULL, 1501652881, 1501652881),
('/admin/error', 2, NULL, NULL, NULL, 1501652881, 1501652881),
('/admin/index', 2, NULL, NULL, NULL, 1501652881, 1501652881),
('/admin/index-json', 2, NULL, NULL, NULL, 1501652881, 1501652881),
('/admin/login-json', 2, NULL, NULL, NULL, 1501652881, 1501652881),
('/admin/logout-json', 2, NULL, NULL, NULL, 1501652881, 1501652881),
('/admin/signup-json', 2, NULL, NULL, NULL, 1501652881, 1501652881),
('/admin/update', 2, NULL, NULL, NULL, 1501652881, 1501652881),
('/admin/update-json', 2, NULL, NULL, NULL, 1501652881, 1501652881),
('/admin/view', 2, NULL, NULL, NULL, 1501652881, 1501652881),
('/admin/view-json', 2, NULL, NULL, NULL, 1501652881, 1501652881),
('/advert/*', 2, NULL, NULL, NULL, 1501652882, 1501652882),
('/advert/attribute-labels-json', 2, NULL, NULL, NULL, 1501652882, 1501652882),
('/advert/create', 2, NULL, NULL, NULL, 1501652882, 1501652882),
('/advert/create-json', 2, NULL, NULL, NULL, 1501652882, 1501652882),
('/advert/delete', 2, NULL, NULL, NULL, 1501652882, 1501652882),
('/advert/delete-json', 2, NULL, NULL, NULL, 1501652882, 1501652882),
('/advert/error', 2, NULL, NULL, NULL, 1501652881, 1501652881),
('/advert/index', 2, NULL, NULL, NULL, 1501652882, 1501652882),
('/advert/index-json', 2, NULL, NULL, NULL, 1501652882, 1501652882),
('/advert/update', 2, NULL, NULL, NULL, 1501652882, 1501652882),
('/advert/update-json', 2, NULL, NULL, NULL, 1501652882, 1501652882),
('/advert/view', 2, NULL, NULL, NULL, 1501652882, 1501652882),
('/advert/view-json', 2, NULL, NULL, NULL, 1501652882, 1501652882),
('/base/*', 2, NULL, NULL, NULL, 1501652884, 1501652884),
('/base/error', 2, NULL, NULL, NULL, 1501652884, 1501652884),
('/chunfeng/*', 2, NULL, NULL, NULL, 1501652887, 1501652887),
('/chunfeng/abroad', 2, NULL, NULL, NULL, 1501652884, 1501652884),
('/chunfeng/abroadreturnuserinfo', 2, NULL, NULL, NULL, 1501652884, 1501652884),
('/chunfeng/addcategory', 2, NULL, NULL, NULL, 1501652886, 1501652886),
('/chunfeng/addemployer', 2, NULL, NULL, NULL, 1501652886, 1501652886),
('/chunfeng/addsubclass', 2, NULL, NULL, NULL, 1501652886, 1501652886),
('/chunfeng/adminpassword', 2, NULL, NULL, NULL, 1501652884, 1501652884),
('/chunfeng/applyrefund', 2, NULL, NULL, NULL, 1501652887, 1501652887),
('/chunfeng/cardmassage', 2, NULL, NULL, NULL, 1501652886, 1501652886),
('/chunfeng/categorysubclass', 2, NULL, NULL, NULL, 1501652886, 1501652886),
('/chunfeng/charity', 2, NULL, NULL, NULL, 1501652884, 1501652884),
('/chunfeng/charityreturnuserinfo', 2, NULL, NULL, NULL, 1501652884, 1501652884),
('/chunfeng/clientlist', 2, NULL, NULL, NULL, 1501652886, 1501652886),
('/chunfeng/clientservelist', 2, NULL, NULL, NULL, 1501652886, 1501652886),
('/chunfeng/createservice', 2, NULL, NULL, NULL, 1501652887, 1501652887),
('/chunfeng/createserviceproject', 2, NULL, NULL, NULL, 1501652886, 1501652886),
('/chunfeng/disease', 2, NULL, NULL, NULL, 1501652885, 1501652885),
('/chunfeng/doctor', 2, NULL, NULL, NULL, 1501652885, 1501652885),
('/chunfeng/error', 2, NULL, NULL, NULL, 1501731157, 1501731157),
('/chunfeng/groupcustomer', 2, NULL, NULL, NULL, 1501652886, 1501652886),
('/chunfeng/healthcard', 2, NULL, NULL, NULL, 1501652885, 1501652885),
('/chunfeng/healthcardinfo', 2, NULL, NULL, NULL, 1501652885, 1501652885),
('/chunfeng/home', 2, NULL, NULL, NULL, 1501652884, 1501652884),
('/chunfeng/hospital', 2, NULL, NULL, NULL, 1501652885, 1501652885),
('/chunfeng/hospitalsection', 2, NULL, NULL, NULL, 1501652885, 1501652885),
('/chunfeng/inquiry', 2, NULL, NULL, NULL, 1501652885, 1501652885),
('/chunfeng/inquiryreturnuserinfo', 2, NULL, NULL, NULL, 1501652885, 1501652885),
('/chunfeng/login', 2, NULL, NULL, NULL, 1501652885, 1501652885),
('/chunfeng/logisticsinformation', 2, NULL, NULL, NULL, 1501652886, 1501652886),
('/chunfeng/logout', 2, NULL, NULL, NULL, 1501652885, 1501652885),
('/chunfeng/oldorderindex', 2, NULL, NULL, NULL, 1501652884, 1501652884),
('/chunfeng/oldorderreturnuserinfo', 2, NULL, NULL, NULL, 1501652885, 1501652885),
('/chunfeng/order', 2, NULL, NULL, NULL, 1501652884, 1501652884),
('/chunfeng/orderreturnuserinfo', 2, NULL, NULL, NULL, 1501652884, 1501652884),
('/chunfeng/overseasaddproduct', 2, NULL, NULL, NULL, 1501652887, 1501652887),
('/chunfeng/overseascategory', 2, NULL, NULL, NULL, 1501652886, 1501652886),
('/chunfeng/overseaspm', 2, NULL, NULL, NULL, 1501652887, 1501652887),
('/chunfeng/overseasredactproduct', 2, NULL, NULL, NULL, 1501652887, 1501652887),
('/chunfeng/pendrefund', 2, NULL, NULL, NULL, 1501652887, 1501652887),
('/chunfeng/product', 2, NULL, NULL, NULL, 1501652885, 1501652885),
('/chunfeng/productadd', 2, NULL, NULL, NULL, 1501652885, 1501652885),
('/chunfeng/productinfo', 2, NULL, NULL, NULL, 1501652885, 1501652885),
('/chunfeng/productorder', 2, NULL, NULL, NULL, 1501652885, 1501652885),
('/chunfeng/productorderinfo', 2, NULL, NULL, NULL, 1501652885, 1501652885),
('/chunfeng/projectactivate', 2, NULL, NULL, NULL, 1501652887, 1501652887),
('/chunfeng/projectactivateinfo', 2, NULL, NULL, NULL, 1501652887, 1501652887),
('/chunfeng/readreportb', 2, NULL, NULL, NULL, 1501652886, 1501652886),
('/chunfeng/readreportc', 2, NULL, NULL, NULL, 1501652886, 1501652886),
('/chunfeng/readreportlistc', 2, NULL, NULL, NULL, 1501652886, 1501652886),
('/chunfeng/redactcategory', 2, NULL, NULL, NULL, 1501652886, 1501652886),
('/chunfeng/redactsubclass', 2, NULL, NULL, NULL, 1501652886, 1501652886),
('/chunfeng/refundfailed', 2, NULL, NULL, NULL, 1501652887, 1501652887),
('/chunfeng/refundlist', 2, NULL, NULL, NULL, 1501652887, 1501652887),
('/chunfeng/refundpass', 2, NULL, NULL, NULL, 1501652887, 1501652887),
('/chunfeng/reportimgb', 2, NULL, NULL, NULL, 1501652886, 1501652886),
('/chunfeng/reportimgc', 2, NULL, NULL, NULL, 1501652886, 1501652886),
('/chunfeng/reportimgvip', 2, NULL, NULL, NULL, 1501652885, 1501652885),
('/chunfeng/searchindex', 2, NULL, NULL, NULL, 1501652887, 1501652887),
('/chunfeng/section', 2, NULL, NULL, NULL, 1501652885, 1501652885),
('/chunfeng/serveadd', 2, NULL, NULL, NULL, 1501652886, 1501652886),
('/chunfeng/servelist', 2, NULL, NULL, NULL, 1501652885, 1501652885),
('/chunfeng/serveredact', 2, NULL, NULL, NULL, 1501652886, 1501652886),
('/chunfeng/serviceprojectinfo', 2, NULL, NULL, NULL, 1501652886, 1501652886),
('/chunfeng/shopimg', 2, NULL, NULL, NULL, 1501652886, 1501652886),
('/chunfeng/surgery', 2, NULL, NULL, NULL, 1501652884, 1501652884),
('/chunfeng/surgeryimg', 2, NULL, NULL, NULL, 1501652884, 1501652884),
('/chunfeng/surgeryreturnuserinfo', 2, NULL, NULL, NULL, 1501652884, 1501652884),
('/chunfeng/sysmenushowmenuchoose', 2, NULL, NULL, NULL, 1501652884, 1501652884),
('/chunfeng/sysuser', 2, NULL, NULL, NULL, 1501652884, 1501652884),
('/chunfeng/sysuseraddview', 2, NULL, NULL, NULL, 1501652884, 1501652884),
('/chunfeng/sysuserreturnuserinfo', 2, NULL, NULL, NULL, 1501652884, 1501652884),
('/chunfeng/user', 2, NULL, NULL, NULL, 1501652884, 1501652884),
('/chunfeng/useradd', 2, NULL, NULL, NULL, 1501652884, 1501652884),
('/chunfeng/userreturnuserinfo', 2, NULL, NULL, NULL, 1501652884, 1501652884),
('/chunfeng/vip', 2, NULL, NULL, NULL, 1501652884, 1501652884),
('/chunfeng/vipreturnuserinfo', 2, NULL, NULL, NULL, 1501652884, 1501652884),
('/cms/*', 2, NULL, NULL, NULL, 1501652890, 1501652890),
('/cms/adcheckcontent', 2, NULL, NULL, NULL, 1501652888, 1501652888),
('/cms/adcheckstart', 2, NULL, NULL, NULL, 1501652887, 1501652887),
('/cms/adredactcontent', 2, NULL, NULL, NULL, 1501652887, 1501652887),
('/cms/adredactstart', 2, NULL, NULL, NULL, 1501652887, 1501652887),
('/cms/advertisement', 2, NULL, NULL, NULL, 1501652887, 1501652887),
('/cms/advertisementadd', 2, NULL, NULL, NULL, 1501652887, 1501652887),
('/cms/authlist', 2, NULL, NULL, NULL, 1501652890, 1501652890),
('/cms/changepw', 2, NULL, NULL, NULL, 1501652888, 1501652888),
('/cms/channel', 2, NULL, NULL, NULL, 1501652888, 1501652888),
('/cms/channelcommit', 2, NULL, NULL, NULL, 1501652889, 1501652889),
('/cms/channeldelete', 2, NULL, NULL, NULL, 1501652889, 1501652889),
('/cms/channeledit', 2, NULL, NULL, NULL, 1501652888, 1501652888),
('/cms/channellist', 2, NULL, NULL, NULL, 1501652889, 1501652889),
('/cms/checktime', 2, NULL, NULL, NULL, 1501652889, 1501652889),
('/cms/commitmaterial', 2, NULL, NULL, NULL, 1501652889, 1501652889),
('/cms/deletematerial', 2, NULL, NULL, NULL, 1501652889, 1501652889),
('/cms/error', 2, NULL, NULL, NULL, 1501652887, 1501652887),
('/cms/index', 2, NULL, NULL, NULL, 1501652887, 1501652887),
('/cms/information', 2, NULL, NULL, NULL, 1501652887, 1501652887),
('/cms/informationadd', 2, NULL, NULL, NULL, 1501652888, 1501652888),
('/cms/informationcheck', 2, NULL, NULL, NULL, 1501652888, 1501652888),
('/cms/informationredact', 2, NULL, NULL, NULL, 1501652888, 1501652888),
('/cms/jurisdiction', 2, NULL, NULL, NULL, 1501652888, 1501652888),
('/cms/jurisdictioninfo', 2, NULL, NULL, NULL, 1501652888, 1501652888),
('/cms/login', 2, NULL, NULL, NULL, 1501652889, 1501652889),
('/cms/logout', 2, NULL, NULL, NULL, 1501652889, 1501652889),
('/cms/material', 2, NULL, NULL, NULL, 1501652889, 1501652889),
('/cms/material-log', 2, NULL, NULL, NULL, 1501652889, 1501652889),
('/cms/materiallist', 2, NULL, NULL, NULL, 1501652889, 1501652889),
('/cms/nopulishlist', 2, NULL, NULL, NULL, 1501652889, 1501652889),
('/cms/personal', 2, NULL, NULL, NULL, 1501652888, 1501652888),
('/cms/publish', 2, NULL, NULL, NULL, 1501652888, 1501652888),
('/cms/publish-redis', 2, NULL, NULL, NULL, 1501652888, 1501652888),
('/cms/publishad', 2, NULL, NULL, NULL, 1501652889, 1501652889),
('/cms/publishadlist', 2, NULL, NULL, NULL, 1501652889, 1501652889),
('/cms/publishbanner', 2, NULL, NULL, NULL, 1501652889, 1501652889),
('/cms/publishlist', 2, NULL, NULL, NULL, 1501652889, 1501652889),
('/cms/pushnews', 2, NULL, NULL, NULL, 1501652889, 1501652889),
('/cms/releasead', 2, NULL, NULL, NULL, 1501652888, 1501652888),
('/cms/releaseadstart', 2, NULL, NULL, NULL, 1501652888, 1501652888),
('/cms/releasembanner', 2, NULL, NULL, NULL, 1501652888, 1501652888),
('/cms/releasemessage', 2, NULL, NULL, NULL, 1501652888, 1501652888),
('/cms/releasemmess', 2, NULL, NULL, NULL, 1501652888, 1501652888),
('/cms/role', 2, NULL, NULL, NULL, 1501652888, 1501652888),
('/cms/roleinfo', 2, NULL, NULL, NULL, 1501652888, 1501652888),
('/cms/updatematerial', 2, NULL, NULL, NULL, 1501652889, 1501652889),
('/cms/updatepassword', 2, NULL, NULL, NULL, 1501652890, 1501652890),
('/cms/uploadimage', 2, NULL, NULL, NULL, 1501652889, 1501652889),
('/cms/uploadimagetext', 2, NULL, NULL, NULL, 1501652889, 1501652889),
('/cms/user', 2, NULL, NULL, NULL, 1501652888, 1501652888),
('/cms/useradd', 2, NULL, NULL, NULL, 1501652888, 1501652888),
('/cms/usercreate', 2, NULL, NULL, NULL, 1501652889, 1501652889),
('/cms/userdelete', 2, NULL, NULL, NULL, 1501652890, 1501652890),
('/cms/userinfo', 2, NULL, NULL, NULL, 1501652889, 1501652889),
('/cms/userlist', 2, NULL, NULL, NULL, 1501652889, 1501652889),
('/cms/userredact', 2, NULL, NULL, NULL, 1501652888, 1501652888),
('/cms/userupdate', 2, NULL, NULL, NULL, 1501652890, 1501652890),
('/comment/*', 2, NULL, NULL, NULL, 1501652890, 1501652890),
('/comment/attribute-labels-json', 2, NULL, NULL, NULL, 1501652890, 1501652890),
('/comment/create', 2, NULL, NULL, NULL, 1501652890, 1501652890),
('/comment/create-json', 2, NULL, NULL, NULL, 1501652890, 1501652890),
('/comment/delete', 2, NULL, NULL, NULL, 1501652890, 1501652890),
('/comment/delete-json', 2, NULL, NULL, NULL, 1501652890, 1501652890),
('/comment/error', 2, NULL, NULL, NULL, 1501652890, 1501652890),
('/comment/index', 2, NULL, NULL, NULL, 1501652890, 1501652890),
('/comment/index-json', 2, NULL, NULL, NULL, 1501652890, 1501652890),
('/comment/update', 2, NULL, NULL, NULL, 1501652890, 1501652890),
('/comment/update-json', 2, NULL, NULL, NULL, 1501652890, 1501652890),
('/comment/view', 2, NULL, NULL, NULL, 1501652890, 1501652890),
('/comment/view-json', 2, NULL, NULL, NULL, 1501652890, 1501652890),
('/disease/*', 2, NULL, NULL, NULL, 1501652890, 1501652890),
('/disease/create', 2, NULL, NULL, NULL, 1501652890, 1501652890),
('/disease/delete', 2, NULL, NULL, NULL, 1501652890, 1501652890),
('/disease/error', 2, NULL, NULL, NULL, 1501652890, 1501652890),
('/disease/index', 2, NULL, NULL, NULL, 1501652890, 1501652890),
('/district/*', 2, NULL, NULL, NULL, 1501652891, 1501652891),
('/district/attribute-labels-json', 2, NULL, NULL, NULL, 1501652891, 1501652891),
('/district/child-json', 2, NULL, NULL, NULL, 1501652891, 1501652891),
('/district/create', 2, NULL, NULL, NULL, 1501652891, 1501652891),
('/district/create-json', 2, NULL, NULL, NULL, 1501652891, 1501652891),
('/district/delete', 2, NULL, NULL, NULL, 1501652891, 1501652891),
('/district/delete-json', 2, NULL, NULL, NULL, 1501652891, 1501652891),
('/district/error', 2, NULL, NULL, NULL, 1501652891, 1501652891),
('/district/index', 2, NULL, NULL, NULL, 1501652891, 1501652891),
('/district/index-json', 2, NULL, NULL, NULL, 1501652891, 1501652891),
('/district/update', 2, NULL, NULL, NULL, 1501652891, 1501652891),
('/district/update-json', 2, NULL, NULL, NULL, 1501652891, 1501652891),
('/district/view', 2, NULL, NULL, NULL, 1501652891, 1501652891),
('/district/view-json', 2, NULL, NULL, NULL, 1501652891, 1501652891),
('/doctors/*', 2, NULL, NULL, NULL, 1501652891, 1501652891),
('/doctors/error', 2, NULL, NULL, NULL, 1501652891, 1501652891),
('/doctors/getbyid', 2, NULL, NULL, NULL, 1501652891, 1501652891),
('/doctors/getlevel', 2, NULL, NULL, NULL, 1501652891, 1501652891),
('/doctors/index', 2, NULL, NULL, NULL, 1501652891, 1501652891),
('/doctors/updateinsert', 2, NULL, NULL, NULL, 1501652891, 1501652891),
('/groupclient/*', 2, NULL, NULL, NULL, 1501652892, 1501652892),
('/groupclient/captcha', 2, NULL, NULL, NULL, 1501652892, 1501652892),
('/groupclient/checkpassword', 2, NULL, NULL, NULL, 1501652892, 1501652892),
('/groupclient/customeritems', 2, NULL, NULL, NULL, 1501652892, 1501652892),
('/groupclient/customeritemsexcel', 2, NULL, NULL, NULL, 1501652892, 1501652892),
('/groupclient/error', 2, NULL, NULL, NULL, 1501652892, 1501652892),
('/groupclient/getorderlist', 2, NULL, NULL, NULL, 1501652892, 1501652892),
('/groupclient/login', 2, NULL, NULL, NULL, 1501652892, 1501652892),
('/groupclient/logout', 2, NULL, NULL, NULL, 1501652892, 1501652892),
('/groupclient/orderlistexcel', 2, NULL, NULL, NULL, 1501652892, 1501652892),
('/groupclient/resetpassword', 2, NULL, NULL, NULL, 1501652892, 1501652892),
('/groupclient/serviceinfo', 2, NULL, NULL, NULL, 1501652892, 1501652892),
('/groupclient/servicelist', 2, NULL, NULL, NULL, 1501652892, 1501652892),
('/groupclient/verifyid', 2, NULL, NULL, NULL, 1501652892, 1501652892),
('/groupcustomer/*', 2, NULL, NULL, NULL, 1501652893, 1501652893),
('/groupcustomer/addcustomer', 2, NULL, NULL, NULL, 1501652892, 1501652892),
('/groupcustomer/checkitem', 2, NULL, NULL, NULL, 1501652892, 1501652892),
('/groupcustomer/ctob', 2, NULL, NULL, NULL, 1501652893, 1501652893),
('/groupcustomer/customeritems', 2, NULL, NULL, NULL, 1501652892, 1501652892),
('/groupcustomer/customerlist', 2, NULL, NULL, NULL, 1501652892, 1501652892),
('/groupcustomer/editserviceprojectinfo', 2, NULL, NULL, NULL, 1501652893, 1501652893),
('/groupcustomer/error', 2, NULL, NULL, NULL, 1501652892, 1501652892),
('/groupcustomer/getcustomer', 2, NULL, NULL, NULL, 1501652893, 1501652893),
('/groupcustomer/getorderlist', 2, NULL, NULL, NULL, 1501652893, 1501652893),
('/groupcustomer/orderoperation', 2, NULL, NULL, NULL, 1501652893, 1501652893),
('/groupcustomer/setphotoflag', 2, NULL, NULL, NULL, 1501652893, 1501652893),
('/groupcustomer/updateorderstatus', 2, NULL, NULL, NULL, 1501652893, 1501652893),
('/groupcustomer/userordersave', 2, NULL, NULL, NULL, 1501652893, 1501652893),
('/home/*', 2, NULL, NULL, NULL, 1501652893, 1501652893),
('/home/index', 2, NULL, NULL, NULL, 1501652893, 1501652893),
('/hospital/*', 2, NULL, NULL, NULL, 1501652893, 1501652893),
('/hospital/error', 2, NULL, NULL, NULL, 1501652893, 1501652893),
('/hospital/getbyid', 2, NULL, NULL, NULL, 1501652893, 1501652893),
('/hospital/getdistrict', 2, NULL, NULL, NULL, 1501652893, 1501652893),
('/hospital/gethospitallevel', 2, NULL, NULL, NULL, 1501652893, 1501652893),
('/hospital/index', 2, NULL, NULL, NULL, 1501652893, 1501652893),
('/hospital/updateinsert', 2, NULL, NULL, NULL, 1501652893, 1501652893),
('/hospitalsection/*', 2, NULL, NULL, NULL, 1501652894, 1501652894),
('/hospitalsection/error', 2, NULL, NULL, NULL, 1501652893, 1501652893),
('/hospitalsection/getbyid', 2, NULL, NULL, NULL, 1501652894, 1501652894),
('/hospitalsection/getinsertsection', 2, NULL, NULL, NULL, 1501652894, 1501652894),
('/hospitalsection/index', 2, NULL, NULL, NULL, 1501652894, 1501652894),
('/hospitalsection/updateinsert', 2, NULL, NULL, NULL, 1501652894, 1501652894),
('/inquiry/*', 2, NULL, NULL, NULL, 1501652894, 1501652894),
('/inquiry/attribute-labels-json', 2, NULL, NULL, NULL, 1501652894, 1501652894),
('/inquiry/create', 2, NULL, NULL, NULL, 1501652894, 1501652894),
('/inquiry/create-json', 2, NULL, NULL, NULL, 1501652894, 1501652894),
('/inquiry/delete', 2, NULL, NULL, NULL, 1501652894, 1501652894),
('/inquiry/delete-json', 2, NULL, NULL, NULL, 1501652894, 1501652894),
('/inquiry/error', 2, NULL, NULL, NULL, 1501652894, 1501652894),
('/inquiry/index', 2, NULL, NULL, NULL, 1501652894, 1501652894),
('/inquiry/index-json', 2, NULL, NULL, NULL, 1501652894, 1501652894),
('/inquiry/update', 2, NULL, NULL, NULL, 1501652894, 1501652894),
('/inquiry/update-json', 2, NULL, NULL, NULL, 1501652894, 1501652894),
('/inquiry/view', 2, NULL, NULL, NULL, 1501652894, 1501652894),
('/inquiry/view-json', 2, NULL, NULL, NULL, 1501652894, 1501652894),
('/manager/*', 2, NULL, NULL, NULL, 1501652881, 1501652881),
('/manager/assignment/*', 2, NULL, NULL, NULL, 1501652879, 1501652879),
('/manager/assignment/assign', 2, NULL, NULL, NULL, 1501652878, 1501652878),
('/manager/assignment/index', 2, NULL, NULL, NULL, 1501652878, 1501652878),
('/manager/assignment/revoke', 2, NULL, NULL, NULL, 1501652879, 1501652879),
('/manager/assignment/view', 2, NULL, NULL, NULL, 1501652878, 1501652878),
('/manager/default/*', 2, NULL, NULL, NULL, 1501652879, 1501652879),
('/manager/default/index', 2, NULL, NULL, NULL, 1501652879, 1501652879),
('/manager/menu/*', 2, NULL, NULL, NULL, 1501652879, 1501652879),
('/manager/menu/create', 2, NULL, NULL, NULL, 1501652879, 1501652879),
('/manager/menu/delete', 2, NULL, NULL, NULL, 1501652879, 1501652879),
('/manager/menu/index', 2, NULL, NULL, NULL, 1501652879, 1501652879),
('/manager/menu/update', 2, NULL, NULL, NULL, 1501652879, 1501652879),
('/manager/menu/view', 2, NULL, NULL, NULL, 1501652879, 1501652879),
('/manager/permission/*', 2, NULL, NULL, NULL, 1501652879, 1501652879),
('/manager/permission/assign', 2, NULL, NULL, NULL, 1501652879, 1501652879),
('/manager/permission/create', 2, NULL, NULL, NULL, 1501652879, 1501652879),
('/manager/permission/delete', 2, NULL, NULL, NULL, 1501652879, 1501652879),
('/manager/permission/index', 2, NULL, NULL, NULL, 1501652879, 1501652879),
('/manager/permission/remove', 2, NULL, NULL, NULL, 1501652879, 1501652879),
('/manager/permission/update', 2, NULL, NULL, NULL, 1501652879, 1501652879),
('/manager/permission/view', 2, NULL, NULL, NULL, 1501652879, 1501652879),
('/manager/role/*', 2, NULL, NULL, NULL, 1501652880, 1501652880),
('/manager/role/assign', 2, NULL, NULL, NULL, 1501652880, 1501652880),
('/manager/role/create', 2, NULL, NULL, NULL, 1501652879, 1501652879),
('/manager/role/delete', 2, NULL, NULL, NULL, 1501652880, 1501652880),
('/manager/role/index', 2, NULL, NULL, NULL, 1501652879, 1501652879),
('/manager/role/remove', 2, NULL, NULL, NULL, 1501652880, 1501652880),
('/manager/role/update', 2, NULL, NULL, NULL, 1501652880, 1501652880),
('/manager/role/view', 2, NULL, NULL, NULL, 1501652879, 1501652879),
('/manager/route/*', 2, NULL, NULL, NULL, 1501652880, 1501652880),
('/manager/route/assign', 2, NULL, NULL, NULL, 1501652880, 1501652880),
('/manager/route/create', 2, NULL, NULL, NULL, 1501652880, 1501652880),
('/manager/route/index', 2, NULL, NULL, NULL, 1501652880, 1501652880),
('/manager/route/refresh', 2, NULL, NULL, NULL, 1501652880, 1501652880),
('/manager/route/remove', 2, NULL, NULL, NULL, 1501652880, 1501652880),
('/manager/rule/*', 2, NULL, NULL, NULL, 1501652880, 1501652880),
('/manager/rule/create', 2, NULL, NULL, NULL, 1501652880, 1501652880),
('/manager/rule/delete', 2, NULL, NULL, NULL, 1501652880, 1501652880),
('/manager/rule/index', 2, NULL, NULL, NULL, 1501652880, 1501652880),
('/manager/rule/update', 2, NULL, NULL, NULL, 1501652880, 1501652880),
('/manager/rule/view', 2, NULL, NULL, NULL, 1501652880, 1501652880),
('/manager/user/*', 2, NULL, NULL, NULL, 1501652881, 1501652881),
('/manager/user/activate', 2, NULL, NULL, NULL, 1501652881, 1501652881),
('/manager/user/change-password', 2, NULL, NULL, NULL, 1501652881, 1501652881),
('/manager/user/delete', 2, NULL, NULL, NULL, 1501652880, 1501652880),
('/manager/user/index', 2, NULL, NULL, NULL, 1501652880, 1501652880),
('/manager/user/login', 2, NULL, NULL, NULL, 1501652880, 1501652880),
('/manager/user/logout', 2, NULL, NULL, NULL, 1501652880, 1501652880),
('/manager/user/request-password-reset', 2, NULL, NULL, NULL, 1501652881, 1501652881),
('/manager/user/reset-password', 2, NULL, NULL, NULL, 1501652881, 1501652881),
('/manager/user/signup', 2, NULL, NULL, NULL, 1501652880, 1501652880),
('/manager/user/view', 2, NULL, NULL, NULL, 1501652880, 1501652880),
('/news/*', 2, NULL, NULL, NULL, 1501652896, 1501652896),
('/news/attribute-labels-json', 2, NULL, NULL, NULL, 1501652895, 1501652895),
('/news/create', 2, NULL, NULL, NULL, 1501652895, 1501652895),
('/news/create-json', 2, NULL, NULL, NULL, 1501652896, 1501652896),
('/news/delete', 2, NULL, NULL, NULL, 1501652895, 1501652895),
('/news/delete-cache-json', 2, NULL, NULL, NULL, 1501652896, 1501652896),
('/news/delete-file-json', 2, NULL, NULL, NULL, 1501652896, 1501652896),
('/news/delete-json', 2, NULL, NULL, NULL, 1501652896, 1501652896),
('/news/error', 2, NULL, NULL, NULL, 1501652895, 1501652895),
('/news/get-news-cache-json', 2, NULL, NULL, NULL, 1501652896, 1501652896),
('/news/index', 2, NULL, NULL, NULL, 1501652895, 1501652895),
('/news/index-json', 2, NULL, NULL, NULL, 1501652896, 1501652896),
('/news/update', 2, NULL, NULL, NULL, 1501652895, 1501652895),
('/news/update-json', 2, NULL, NULL, NULL, 1501652896, 1501652896),
('/news/upload-json', 2, NULL, NULL, NULL, 1501652896, 1501652896),
('/news/view', 2, NULL, NULL, NULL, 1501652895, 1501652895),
('/news/view-json', 2, NULL, NULL, NULL, 1501652896, 1501652896),
('/order/*', 2, NULL, NULL, NULL, 1501652897, 1501652897),
('/order/add-log-json', 2, NULL, NULL, NULL, 1501652896, 1501652896),
('/order/delete-json', 2, NULL, NULL, NULL, 1501652896, 1501652896),
('/order/error', 2, NULL, NULL, NULL, 1501652896, 1501652896),
('/order/getorderlist-json', 2, NULL, NULL, NULL, 1501652896, 1501652896),
('/order/getordertip', 2, NULL, NULL, NULL, 1501652896, 1501652896),
('/order/order-type-all-json', 2, NULL, NULL, NULL, 1501652896, 1501652896),
('/order/orderpaypush', 2, NULL, NULL, NULL, 1501652896, 1501652896),
('/order/test-push-json', 2, NULL, NULL, NULL, 1501652896, 1501652896),
('/order/updateorderstatus-json', 2, NULL, NULL, NULL, 1501652896, 1501652896),
('/order/view-json', 2, NULL, NULL, NULL, 1501652896, 1501652896),
('/push/*', 2, NULL, NULL, NULL, 1501652897, 1501652897),
('/push/all-json', 2, NULL, NULL, NULL, 1501652897, 1501652897),
('/push/error', 2, NULL, NULL, NULL, 1501652897, 1501652897),
('/push/more-json', 2, NULL, NULL, NULL, 1501652897, 1501652897),
('/push/one-json', 2, NULL, NULL, NULL, 1501652897, 1501652897),
('/push/user-status-json', 2, NULL, NULL, NULL, 1501652897, 1501652897),
('/search/*', 2, NULL, NULL, NULL, 1501652898, 1501652898),
('/search/doctor', 2, NULL, NULL, NULL, 1501652897, 1501652897),
('/search/doctorinfo', 2, NULL, NULL, NULL, 1501652897, 1501652897),
('/search/error', 2, NULL, NULL, NULL, 1501652897, 1501652897),
('/search/hospital', 2, NULL, NULL, NULL, 1501652897, 1501652897),
('/search/section', 2, NULL, NULL, NULL, 1501652897, 1501652897),
('/search/sectioninfo', 2, NULL, NULL, NULL, 1501652897, 1501652897),
('/section/*', 2, NULL, NULL, NULL, 1501652898, 1501652898),
('/section/create', 2, NULL, NULL, NULL, 1501652898, 1501652898),
('/section/delete', 2, NULL, NULL, NULL, 1501652898, 1501652898),
('/section/error', 2, NULL, NULL, NULL, 1501652898, 1501652898),
('/section/getparent', 2, NULL, NULL, NULL, 1501652898, 1501652898),
('/section/getsectionbackend', 2, NULL, NULL, NULL, 1501652898, 1501652898),
('/section/index', 2, NULL, NULL, NULL, 1501652898, 1501652898),
('/section/update', 2, NULL, NULL, NULL, 1501652898, 1501652898),
('/section/updatestatus', 2, NULL, NULL, NULL, 1501652898, 1501652898),
('/shop/*', 2, NULL, NULL, NULL, 1501652900, 1501652900),
('/shop/add-service-user', 2, NULL, NULL, NULL, 1501652899, 1501652899),
('/shop/addoverseasgoods', 2, NULL, NULL, NULL, 1501652899, 1501652899),
('/shop/creategood', 2, NULL, NULL, NULL, 1501652898, 1501652898),
('/shop/deletegoods', 2, NULL, NULL, NULL, 1501652898, 1501652898),
('/shop/error', 2, NULL, NULL, NULL, 1501652898, 1501652898),
('/shop/express-info', 2, NULL, NULL, NULL, 1501652899, 1501652899),
('/shop/goods-view', 2, NULL, NULL, NULL, 1501652898, 1501652898),
('/shop/goodsimage', 2, NULL, NULL, NULL, 1501652899, 1501652899),
('/shop/goodslist', 2, NULL, NULL, NULL, 1501652898, 1501652898),
('/shop/health-cardinfo', 2, NULL, NULL, NULL, 1501652899, 1501652899),
('/shop/health-cardlist', 2, NULL, NULL, NULL, 1501652899, 1501652899),
('/shop/listoverseasgoods', 2, NULL, NULL, NULL, 1501652899, 1501652899),
('/shop/locationselect', 2, NULL, NULL, NULL, 1501652899, 1501652899),
('/shop/order-accompany-update', 2, NULL, NULL, NULL, 1501652899, 1501652899),
('/shop/orderaccompanyinfo', 2, NULL, NULL, NULL, 1501652899, 1501652899),
('/shop/orderaccompanylist', 2, NULL, NULL, NULL, 1501652899, 1501652899),
('/shop/orderactivelist', 2, NULL, NULL, NULL, 1501652899, 1501652899),
('/shop/orderinfo', 2, NULL, NULL, NULL, 1501652899, 1501652899),
('/shop/overseasgoodsimage', 2, NULL, NULL, NULL, 1501652899, 1501652899),
('/shop/refundadd', 2, NULL, NULL, NULL, 1501652900, 1501652900),
('/shop/refundfail', 2, NULL, NULL, NULL, 1501652900, 1501652900),
('/shop/refundlist', 2, NULL, NULL, NULL, 1501652900, 1501652900),
('/shop/refundpass', 2, NULL, NULL, NULL, 1501652900, 1501652900),
('/shop/refundupdate', 2, NULL, NULL, NULL, 1501652900, 1501652900),
('/shop/selectservice', 2, NULL, NULL, NULL, 1501652899, 1501652899),
('/shop/service-submit', 2, NULL, NULL, NULL, 1501652899, 1501652899),
('/shop/services-numadd', 2, NULL, NULL, NULL, 1501652899, 1501652899),
('/shop/servicesbycard', 2, NULL, NULL, NULL, 1501652899, 1501652899),
('/shop/setphotoflag', 2, NULL, NULL, NULL, 1501652899, 1501652899),
('/shop/shopfirstimage', 2, NULL, NULL, NULL, 1501652898, 1501652898),
('/shop/updategoods', 2, NULL, NULL, NULL, 1501652898, 1501652898),
('/shop/updateoverseasgoods', 2, NULL, NULL, NULL, 1501652899, 1501652899),
('/shop/userordersave', 2, NULL, NULL, NULL, 1501652900, 1501652900),
('/site/*', 2, NULL, NULL, NULL, 1501652900, 1501652900),
('/site/error', 2, NULL, NULL, NULL, 1501652900, 1501652900),
('/site/index', 2, NULL, NULL, NULL, 1501652900, 1501652900),
('/site/login', 2, NULL, NULL, NULL, 1501652900, 1501652900),
('/site/logout', 2, NULL, NULL, NULL, 1501652900, 1501652900),
('/site/request-password-reset', 2, NULL, NULL, NULL, 1501652900, 1501652900),
('/site/reset-password', 2, NULL, NULL, NULL, 1501652900, 1501652900),
('/site/signup', 2, NULL, NULL, NULL, 1501652900, 1501652900),
('/site/upload', 2, NULL, NULL, NULL, 1501652900, 1501652900),
('/torder/*', 2, NULL, NULL, NULL, 1501652901, 1501652901),
('/torder/delete-img', 2, NULL, NULL, NULL, 1501652901, 1501652901),
('/torder/delete-json', 2, NULL, NULL, NULL, 1501652901, 1501652901),
('/torder/error', 2, NULL, NULL, NULL, 1501652900, 1501652900),
('/torder/index-json', 2, NULL, NULL, NULL, 1501652900, 1501652900),
('/torder/order-type-all-json', 2, NULL, NULL, NULL, 1501652901, 1501652901),
('/torder/order-type-json', 2, NULL, NULL, NULL, 1501652901, 1501652901),
('/torder/update-json', 2, NULL, NULL, NULL, 1501652901, 1501652901),
('/torder/view-json', 2, NULL, NULL, NULL, 1501652900, 1501652900),
('/union-pay/*', 2, NULL, NULL, NULL, 1501652901, 1501652901),
('/union-pay/error', 2, NULL, NULL, NULL, 1501652901, 1501652901),
('/union-pay/get-pay-sign', 2, NULL, NULL, NULL, 1501652901, 1501652901),
('/union-pay/get-pay-tn', 2, NULL, NULL, NULL, 1501652901, 1501652901),
('/union-pay/pay-call-back', 2, NULL, NULL, NULL, 1501652901, 1501652901),
('/union-pay/refund', 2, NULL, NULL, NULL, 1501652901, 1501652901),
('/user/*', 2, NULL, NULL, NULL, 1501652902, 1501652902),
('/user/attribute-labels-json', 2, NULL, NULL, NULL, 1501652902, 1501652902),
('/user/create', 2, NULL, NULL, NULL, 1501652901, 1501652901),
('/user/create-json', 2, NULL, NULL, NULL, 1501652902, 1501652902),
('/user/curl', 2, NULL, NULL, NULL, 1501652902, 1501652902),
('/user/delete', 2, NULL, NULL, NULL, 1501652902, 1501652902),
('/user/delete-json', 2, NULL, NULL, NULL, 1501652902, 1501652902),
('/user/error', 2, NULL, NULL, NULL, 1501652901, 1501652901),
('/user/index', 2, NULL, NULL, NULL, 1501652901, 1501652901),
('/user/index-json', 2, NULL, NULL, NULL, 1501652902, 1501652902),
('/user/send-sms-json', 2, NULL, NULL, NULL, 1501652902, 1501652902),
('/user/update', 2, NULL, NULL, NULL, 1501652901, 1501652901),
('/user/update-json', 2, NULL, NULL, NULL, 1501652902, 1501652902),
('/user/view', 2, NULL, NULL, NULL, 1501652901, 1501652901),
('/user/view-json', 2, NULL, NULL, NULL, 1501652902, 1501652902),
('/version/*', 2, NULL, NULL, NULL, 1501652903, 1501652903),
('/version/attribute-labels-json', 2, NULL, NULL, NULL, 1501652902, 1501652902),
('/version/create', 2, NULL, NULL, NULL, 1501652902, 1501652902),
('/version/create-json', 2, NULL, NULL, NULL, 1501652902, 1501652902),
('/version/delete', 2, NULL, NULL, NULL, 1501652902, 1501652902),
('/version/delete-json', 2, NULL, NULL, NULL, 1501652902, 1501652902),
('/version/error', 2, NULL, NULL, NULL, 1501652902, 1501652902),
('/version/index', 2, NULL, NULL, NULL, 1501652902, 1501652902),
('/version/index-json', 2, NULL, NULL, NULL, 1501652902, 1501652902),
('/version/update', 2, NULL, NULL, NULL, 1501652902, 1501652902),
('/version/update-json', 2, NULL, NULL, NULL, 1501652902, 1501652902),
('/version/view', 2, NULL, NULL, NULL, 1501652902, 1501652902),
('/version/view-json', 2, NULL, NULL, NULL, 1501652902, 1501652902),
('cms管理系统权限', 2, NULL, NULL, NULL, 1501677299, 1501677514),
('医疗信息检索权限', 2, NULL, NULL, NULL, 1501676853, 1501676853),
('医院管理权限', 2, NULL, NULL, NULL, 1501682091, 1501682091),
('商品管理权限', 2, NULL, NULL, NULL, 1501675767, 1501676405),
('客服人员', 1, NULL, NULL, NULL, 1501674577, 1501674577),
('当前系统后台基础权限', 2, NULL, NULL, NULL, 1501677068, 1501677254),
('权限管理权限', 2, NULL, NULL, NULL, 1501676895, 1501676895),
('用户管理权限', 2, NULL, NULL, NULL, 1501675290, 1501675290),
('用户问诊管理权限', 2, NULL, NULL, NULL, 1501683534, 1501683534),
('管理员', 1, NULL, NULL, NULL, 1501674503, 1501674503),
('管理员管理权限', 2, NULL, NULL, NULL, 1501675248, 1501675248),
('订单管理权限', 2, NULL, NULL, NULL, 1501675361, 1501675361),
('退款审核权限', 2, NULL, NULL, NULL, 1501674256, 1501674256),
('退款申请权限', 2, NULL, NULL, NULL, 1501674712, 1501674712),
('集团客户管理权限', 2, NULL, NULL, NULL, 1501676626, 1501676626);

-- --------------------------------------------------------


--
-- 表的结构 `auth_item_child`
--
DROP TABLE IF EXISTS `auth_item_child`;
create table `auth_item_child`
(
   `parent`  varchar(64) not null,
   `child`   varchar(64) not null,
   primary key (`parent`, `child`),
   foreign key (`parent`) references `auth_item` (`name`) on delete cascade on update cascade,
   foreign key (`child`) references `auth_item` (`name`) on delete cascade on update cascade
) engine InnoDB;


--
-- 转存表中的数据 `auth_item_child`
--

INSERT INTO `auth_item_child` (`parent`, `child`) VALUES
('管理员管理权限', '/admin/*'),
('管理员管理权限', '/admin/attribute-labels-json'),
('管理员管理权限', '/admin/create'),
('管理员管理权限', '/admin/day-count-json'),
('管理员管理权限', '/admin/delete'),
('管理员管理权限', '/admin/error'),
('管理员管理权限', '/admin/index'),
('管理员管理权限', '/admin/index-json'),
('管理员管理权限', '/admin/login-json'),
('管理员管理权限', '/admin/logout-json'),
('管理员管理权限', '/admin/signup-json'),
('管理员管理权限', '/admin/update'),
('管理员管理权限', '/admin/update-json'),
('管理员管理权限', '/admin/view'),
('管理员管理权限', '/admin/view-json'),
('当前系统后台基础权限', '/base/*'),
('当前系统后台基础权限', '/base/error'),
('订单管理权限', '/chunfeng/abroad'),
('订单管理权限', '/chunfeng/abroadreturnuserinfo'),
('当前系统后台基础权限', '/chunfeng/adminpassword'),
('退款审核权限', '/chunfeng/applyrefund'),
('退款申请权限', '/chunfeng/applyrefund'),
('订单管理权限', '/chunfeng/charity'),
('订单管理权限', '/chunfeng/charityreturnuserinfo'),
('集团客户管理权限', '/chunfeng/clientlist'),
('集团客户管理权限', '/chunfeng/clientservelist'),
('集团客户管理权限', '/chunfeng/createservice'),
('集团客户管理权限', '/chunfeng/createserviceproject'),
('医院管理权限', '/chunfeng/disease'),
('医院管理权限', '/chunfeng/doctor'),
('集团客户管理权限', '/chunfeng/groupcustomer'),
('订单管理权限', '/chunfeng/healthcard'),
('订单管理权限', '/chunfeng/healthcardinfo'),
('当前系统后台基础权限', '/chunfeng/home'),
('医院管理权限', '/chunfeng/hospital'),
('医院管理权限', '/chunfeng/hospitalsection'),
('用户问诊管理权限', '/chunfeng/inquiry'),
('用户问诊管理权限', '/chunfeng/inquiryreturnuserinfo'),
('订单管理权限', '/chunfeng/oldorderindex'),
('订单管理权限', '/chunfeng/oldorderreturnuserinfo'),
('订单管理权限', '/chunfeng/order'),
('订单管理权限', '/chunfeng/orderreturnuserinfo'),
('商品管理权限', '/chunfeng/overseasaddproduct'),
('商品管理权限', '/chunfeng/overseascategory'),
('商品管理权限', '/chunfeng/overseaspm'),
('商品管理权限', '/chunfeng/overseasredactproduct'),
('退款审核权限', '/chunfeng/pendrefund'),
('退款申请权限', '/chunfeng/pendrefund'),
('商品管理权限', '/chunfeng/product'),
('商品管理权限', '/chunfeng/productadd'),
('商品管理权限', '/chunfeng/productinfo'),
('商品管理权限', '/chunfeng/productorder'),
('商品管理权限', '/chunfeng/productorderinfo'),
('商品管理权限', '/chunfeng/projectactivate'),
('商品管理权限', '/chunfeng/projectactivateinfo'),
('订单管理权限', '/chunfeng/readreportlistc'),
('退款审核权限', '/chunfeng/refundfailed'),
('退款申请权限', '/chunfeng/refundfailed'),
('退款审核权限', '/chunfeng/refundlist'),
('退款申请权限', '/chunfeng/refundlist'),
('当前系统后台基础权限', '/chunfeng/refundpass'),
('退款审核权限', '/chunfeng/refundpass'),
('退款申请权限', '/chunfeng/refundpass'),
('集团客户管理权限', '/chunfeng/reportimgb'),
('集团客户管理权限', '/chunfeng/reportimgc'),
('订单管理权限', '/chunfeng/reportimgvip'),
('集团客户管理权限', '/chunfeng/reportimgvip'),
('医疗信息检索权限', '/chunfeng/searchindex'),
('医院管理权限', '/chunfeng/section'),
('集团客户管理权限', '/chunfeng/serveredact'),
('集团客户管理权限', '/chunfeng/serviceprojectinfo'),
('订单管理权限', '/chunfeng/surgery'),
('订单管理权限', '/chunfeng/surgeryimg'),
('订单管理权限', '/chunfeng/surgeryreturnuserinfo'),
('管理员管理权限', '/chunfeng/sysmenushowmenuchoose'),
('管理员管理权限', '/chunfeng/sysuser'),
('管理员管理权限', '/chunfeng/sysuseraddview'),
('管理员管理权限', '/chunfeng/sysuserreturnuserinfo'),
('用户管理权限', '/chunfeng/user'),
('用户管理权限', '/chunfeng/useradd'),
('用户管理权限', '/chunfeng/userreturnuserinfo'),
('订单管理权限', '/chunfeng/vip'),
('订单管理权限', '/chunfeng/vipreturnuserinfo'),
('cms管理系统权限', '/cms/*'),
('当前系统后台基础权限', '/groupclient/captcha'),
('集团客户管理权限', '/groupcustomer/*'),
('权限管理权限', '/manager/*'),
('订单管理权限', '/order/*'),
('商品管理权限', '/shop/addoverseasgoods'),
('商品管理权限', '/shop/listoverseasgoods'),
('订单管理权限', '/shop/order-accompany-update'),
('订单管理权限', '/shop/orderaccompanyinfo'),
('订单管理权限', '/shop/orderaccompanylist'),
('订单管理权限', '/shop/orderactivelist'),
('订单管理权限', '/shop/orderinfo'),
('商品管理权限', '/shop/overseasgoodsimage'),
('退款审核权限', '/shop/refundadd'),
('退款申请权限', '/shop/refundadd'),
('退款审核权限', '/shop/refundfail'),
('退款审核权限', '/shop/refundlist'),
('退款申请权限', '/shop/refundlist'),
('退款审核权限', '/shop/refundpass'),
('退款审核权限', '/shop/refundupdate'),
('退款申请权限', '/shop/refundupdate'),
('商品管理权限', '/shop/updateoverseasgoods'),
('订单管理权限', '/shop/userordersave'),
('当前系统后台基础权限', '/site/*'),
('当前系统后台基础权限', '/site/error'),
('当前系统后台基础权限', '/site/index'),
('当前系统后台基础权限', '/site/login'),
('当前系统后台基础权限', '/site/logout'),
('订单管理权限', '/torder/*'),
('用户管理权限', '/user/*'),
('用户管理权限', '/user/attribute-labels-json'),
('用户管理权限', '/user/create'),
('用户管理权限', '/user/create-json'),
('用户管理权限', '/user/curl'),
('用户管理权限', '/user/delete'),
('用户管理权限', '/user/delete-json'),
('用户管理权限', '/user/error'),
('用户管理权限', '/user/index'),
('用户管理权限', '/user/index-json'),
('用户管理权限', '/user/send-sms-json'),
('用户管理权限', '/user/update'),
('用户管理权限', '/user/update-json'),
('用户管理权限', '/user/view'),
('用户管理权限', '/user/view-json'),
('管理员', 'cms管理系统权限'),
('客服人员', '医疗信息检索权限'),
('管理员', '医疗信息检索权限'),
('客服人员', '医院管理权限'),
('管理员', '医院管理权限'),
('客服人员', '商品管理权限'),
('管理员', '商品管理权限'),
('客服人员', '当前系统后台基础权限'),
('管理员', '当前系统后台基础权限'),
('管理员', '权限管理权限'),
('客服人员', '用户管理权限'),
('管理员', '用户管理权限'),
('客服人员', '用户问诊管理权限'),
('管理员', '用户问诊管理权限'),
('管理员', '管理员管理权限'),
('客服人员', '订单管理权限'),
('管理员', '订单管理权限'),
('管理员', '退款审核权限'),
('客服人员', '退款申请权限'),
('管理员', '退款申请权限'),
('客服人员', '集团客户管理权限'),
('管理员', '集团客户管理权限');


-- --------------------------------------------------------

--
-- 表的结构 `auth_rule`
--
DROP TABLE IF EXISTS `auth_rule`;
create table `auth_rule`
(
   `name`                 varchar(64) not null,
   `data`                 text,
   `created_at`           integer,
   `updated_at`           integer,
    primary key (`name`)
) engine InnoDB;
-- --------------------------------------------------------



DROP TABLE IF EXISTS `auth_assignment`;
create table `auth_assignment`
(
   `item_name`            varchar(64) not null,
   `user_id`              varchar(64) not null,
   `created_at`           integer,
   primary key (`item_name`, `user_id`),
   foreign key (`item_name`) references `auth_item` (`name`) on delete cascade on update cascade
) engine InnoDB;


--
-- 转存表中的数据 `auth_assignment`
--

INSERT INTO `auth_assignment` (`item_name`, `user_id`, `created_at`) VALUES
('管理员', '1', 1501674558),
('退款审核权限', '1', 1501674401);


--
-- 表的结构 `tmenu`
--
DROP TABLE IF EXISTS `tmenu`;
CREATE TABLE `tmenu` (
  `id` int(11) NOT NULL AUTO_INCREMENT,
  `name` varchar(128) DEFAULT NULL,
  `parent` int(11) DEFAULT NULL,
  `route` varchar(256) DEFAULT NULL,
  `order` int(11) DEFAULT NULL,
  `data` blob,
  PRIMARY KEY (`id`),
  KEY `parent` (`parent`),
  CONSTRAINT `tmenu_ibfk_1` FOREIGN KEY (`parent`) REFERENCES `tmenu` (`id`) ON DELETE SET NULL ON UPDATE CASCADE
) ENGINE=InnoDB AUTO_INCREMENT=46 DEFAULT CHARSET=utf8;


--
-- 转存表中的数据 `tmenu`
--

INSERT INTO `tmenu` (`id`, `name`, `parent`, `route`, `order`, `data`) VALUES
(3, '管理员管理', NULL, NULL, 1, 0x7b2269636f6e223a2269636f6e2d75736572222c2276697369626c65223a2231227d),
(4, '管理员列表', 3, '/chunfeng/sysuser', 1, NULL),
(5, '添加管理员', 3, '/chunfeng/sysuseraddview', 2, NULL),
(6, '用户管理', NULL, NULL, 2, 0x7b2269636f6e223a2269636f6e2d67726f7570222c2276697369626c65223a2231227d),
(7, '用户列表', 6, '/chunfeng/user', 1, NULL),
(8, '添加用户', 6, '/chunfeng/useradd', 2, NULL),
(9, '服务订单管理', NULL, NULL, 3, 0x7b2269636f6e223a2269636f6e2d72656f72646572222c2276697369626c65223a2231227d),
(10, '手术订单', 9, '/chunfeng/surgery', 1, 0x7b2269636f6e223a2269636f6e2d67726f7570222c2276697369626c65223a2231222c22636c617373223a226d656e7563206f72646572746970313031227d),
(11, 'VIP服务', 9, '/chunfeng/vip', 2, 0x7b2269636f6e223a2269636f6e2d67726f7570222c2276697369626c65223a2231222c22636c617373223a226d656e7563206f72646572746970313132227d),
(12, '预约诊疗', 9, '/chunfeng/order', 3, 0x7b2269636f6e223a2269636f6e2d67726f7570222c2276697369626c65223a2231222c22636c617373223a226d656e7563206f72646572746970313039227d),
(13, '海外就医', 9, '/chunfeng/abroad', 4, 0x7b2269636f6e223a2269636f6e2d67726f7570222c2276697369626c65223a2231222c22636c617373223a226d656e7563206f72646572746970313130227d),
(14, '慈善公益', 9, '/chunfeng/charity', 5, 0x7b2269636f6e223a2269636f6e2d67726f7570222c2276697369626c65223a2231222c22636c617373223a226d656e7563206f72646572746970313133227d),
(15, '解读报告', 9, '/chunfeng/readreportlistc', 6, 0x7b2269636f6e223a2269636f6e2d67726f7570222c2276697369626c65223a2231222c22636c617373223a226d656e7563206f72646572746970313137227d),
(16, '会员卡服务', 9, '/chunfeng/healthcard', 7, 0x7b2269636f6e223a2269636f6e2d67726f7570222c2276697369626c65223a2231222c22636c617373223a226d656e7563206f72646572746970393939227d),
(17, '旧订单管理', NULL, NULL, 4, NULL),
(18, '预约列表', 17, '/chunfeng/oldorderindex', 1, NULL),
(19, '用户问诊管理', NULL, NULL, 5, 0x7b2269636f6e223a2269636f6e2d636f6d6d656e7473222c2276697369626c65223a2231227d),
(20, '问诊列表', 19, '/chunfeng/inquiry', 1, NULL),
(21, '医院管理', NULL, NULL, 6, 0x7b2269636f6e223a2269636f6e2d686f73706974616c222c2276697369626c65223a2231227d),
(22, '基础疾病', 21, '/chunfeng/disease', 1, NULL),
(23, '权限管理', NULL, NULL, 99, NULL),
(24, '分配列表', 23, '/manager/assignment/index', 1, NULL),
(25, '菜单列表', 23, '/manager/menu/index', 2, NULL),
(26, '角色列表', 23, '/manager/role/index', 3, NULL),
(27, '权限列表', 23, '/manager/permission/index', 4, NULL),
(28, '路由列表', 23, '/manager/route/index', 5, NULL),
(29, '基础科室', 21, '/chunfeng/section', 2, NULL),
(30, '医院信息', 21, '/chunfeng/hospital', 3, NULL),
(31, '医院科室', 21, '/chunfeng/hospitalsection', 4, NULL),
(32, '医院医生', 21, '/chunfeng/doctor', 5, NULL),
(33, '商品管理', NULL, NULL, 7, NULL),
(34, '国内商品列表', 33, '/chunfeng/product', 1, NULL),
(35, '海外商品列表', 33, '/chunfeng/overseaspm', 2, NULL),
(36, '商品订单管理', NULL, NULL, 8, NULL),
(37, '商品激活列表', 36, '/chunfeng/projectactivate', 1, NULL),
(38, '商品订单列表', 36, '/chunfeng/productorder', 2, NULL),
(39, '集团客户管理', NULL, NULL, 9, NULL),
(40, '客户服务列表', 39, '/chunfeng/groupcustomer', 1, NULL),
(41, '集团客户列表', 39, '/chunfeng/clientlist', 2, NULL),
(42, '医疗信息检索', NULL, NULL, 10, NULL),
(43, '检索', 42, '/chunfeng/searchindex', 1, NULL),
(44, '退款管理', NULL, NULL, 12, NULL),
(45, '退款列表', 44, '/chunfeng/refundlist', 1, NULL);

